{"mean": 0.36995071172714233, "std": 0.21818380057811737}